is_static,is_enum,uses_variables,call_method,is_interface,is_local_class,is_code_smell
True,False,False,True,False,False,False
False,False,False,True,False,False,False
True,False,False,False,False,False,False
True,False,False,False,True,False,False
False,False,False,True,False,False,False
False,False,True,False,False,False,False
False,False,True,True,False,False,False
True,False,False,False,False,False,False
True,False,False,False,False,False,False
True,False,False,False,False,False,False
True,False,False,False,False,False,False
False,False,True,False,False,False,False
False,False,True,False,False,False,False
False,False,True,False,False,False,False
True,False,False,False,False,False,False
False,False,True,False,False,False,False
True,False,True,False,False,False,False
True,False,False,False,False,False,False
False,False,True,False,False,False,False
False,False,False,True,False,False,False
True,False,True,False,False,False,False
False,False,True,True,False,False,False
True,False,True,True,False,False,False
False,False,True,True,False,False,False
True,False,True,True,False,False,False
False,False,False,True,False,False,False
False,False,True,True,False,False,False
False,False,False,True,False,False,False
False,False,True,True,False,False,False
False,False,False,True,False,False,False
False,False,True,True,False,False,False
False,False,False,True,False,False,False
False,False,False,True,False,False,False
True,False,True,True,False,False,False
True,False,True,True,False,False,False
True,False,True,True,False,False,False
False,False,False,True,False,False,False
False,False,False,True,False,False,False
False,False,False,True,False,False,False
False,False,True,False,False,False,False
False,False,True,True,False,False,False
False,False,True,False,False,False,False
False,False,False,True,False,False,False
False,False,False,True,False,False,False
False,False,True,False,False,False,False
False,False,True,True,False,False,False
False,False,True,True,False,False,False
False,False,True,True,False,False,False
True,False,True,False,False,False,False
False,False,True,True,False,False,False
False,False,True,True,False,False,False
False,False,True,True,False,False,False
False,False,True,False,False,False,False
False,False,True,True,False,False,False
False,False,True,True,False,False,False
False,False,True,True,False,False,False
False,False,True,True,False,False,False
False,False,True,True,False,False,False
False,False,True,True,False,False,False
False,False,True,True,False,False,False
False,False,True,True,False,False,False
False,False,True,True,False,False,False
False,False,True,True,False,False,False
False,False,True,True,False,False,False
False,False,True,True,False,False,False
False,False,True,True,False,False,False
False,False,False,True,False,False,False
False,False,True,True,False,False,False
False,False,True,True,False,False,False
False,False,True,False,False,False,False
True,False,False,False,True,False,False
True,False,False,False,True,False,False
True,False,False,False,True,False,False
True,False,False,False,True,False,False
True,False,False,False,True,False,False
True,False,False,False,True,False,False
True,False,False,True,False,False,False
True,False,False,False,False,False,False
False,False,False,True,False,False,False
False,False,True,False,False,False,False
False,False,False,True,False,False,False
False,False,True,True,False,False,False
False,False,True,False,False,False,False
False,False,False,True,False,False,False
True,False,False,False,False,False,False
False,False,False,True,False,False,False
False,False,False,True,False,False,False
False,False,False,True,False,False,False
False,False,True,False,False,False,False
False,False,True,True,False,False,False
False,False,False,True,False,False,False
False,False,False,True,False,False,False
False,False,True,True,False,False,False
True,False,False,False,False,False,False
True,False,False,False,False,False,False
True,False,False,False,False,False,False
True,False,False,False,False,False,False
False,False,False,False,True,False,False
False,False,False,False,True,False,False
False,False,True,False,False,False,False
False,False,True,False,False,False,False
False,False,False,True,False,False,False
False,False,False,True,False,False,False
False,False,True,True,False,False,False
False,False,False,True,False,False,False
False,False,True,True,False,False,False
False,False,False,True,False,False,False
False,False,False,False,True,False,False
False,False,True,True,False,False,False
False,False,True,True,False,False,False
False,False,True,True,False,False,False
False,False,True,True,False,False,False
False,False,True,True,False,False,False
False,False,True,True,False,False,False
False,False,True,True,False,False,False
False,False,True,True,False,False,False
False,False,True,True,False,False,False
False,False,True,True,False,False,False
False,False,True,True,False,False,False
False,True,False,False,False,False,False
False,True,True,True,False,False,False
False,False,True,False,False,False,False
False,False,True,False,False,False,False
True,False,False,False,False,False,False
False,False,False,True,False,False,False
False,False,False,True,False,False,False
False,False,True,True,False,False,False
True,False,True,True,False,False,False
False,False,True,False,False,False,False
False,False,True,False,False,False,False
False,False,True,False,False,False,False
False,False,True,False,False,False,False
False,False,True,True,False,False,False
False,False,True,False,False,False,False
False,False,True,False,False,False,False
False,False,True,True,False,False,False
False,False,True,True,False,False,False
False,False,False,True,False,False,False
False,False,True,False,False,False,False
False,False,True,False,False,False,False
False,False,True,True,False,False,False
False,False,True,False,False,False,False
False,False,True,True,False,False,False
False,False,True,True,False,False,False
False,False,True,False,False,False,False
False,False,True,False,False,False,False
False,False,True,False,False,False,False
False,False,True,False,False,False,False
False,False,True,False,False,False,False
False,False,True,False,False,False,False
False,False,True,False,False,False,False
False,False,True,False,False,False,False
False,False,True,False,False,False,False
False,False,True,False,False,False,False
False,False,True,False,False,False,False
False,False,True,False,False,False,False
False,False,True,True,False,False,False
False,False,False,True,False,False,False
False,False,True,True,False,False,False
False,False,True,True,False,False,False
False,False,True,True,False,False,False
False,False,True,True,False,False,False
False,False,True,False,False,False,False
True,False,False,False,False,False,False
False,False,False,False,True,False,False
False,False,True,True,False,False,False
False,False,False,True,False,False,False
False,False,True,False,False,False,False
False,False,True,False,False,False,False
False,False,True,True,False,False,False
False,False,False,True,False,False,False
False,False,True,True,False,False,False
False,False,True,True,False,False,False
False,False,False,True,False,False,False
False,False,True,False,False,False,False
False,False,True,False,False,False,False
False,False,True,True,False,False,False
False,False,True,True,False,False,False
False,False,False,True,False,False,False
False,False,True,True,False,False,False
False,False,True,False,False,False,False
False,False,False,True,False,False,False
False,False,False,True,False,False,False
False,False,True,True,False,False,False
False,False,True,True,False,False,False
False,False,True,False,False,False,False
False,False,True,False,False,False,False
False,False,True,False,False,False,False
False,False,True,True,False,False,False
False,False,True,False,False,False,False
False,False,True,False,False,False,False
False,False,True,False,False,False,False
False,False,True,False,False,False,False
False,False,True,False,False,False,False
False,False,True,False,False,False,False
False,False,True,False,False,False,False
False,False,False,True,False,False,False
False,False,True,True,False,False,False
False,False,True,True,False,False,False
False,False,True,True,False,False,False
True,False,True,False,False,False,False
True,False,True,False,False,False,False
True,False,True,False,False,False,False
False,False,True,True,False,False,False
False,False,True,False,False,False,False
False,False,True,False,False,False,False
False,True,True,True,False,False,False
True,False,True,False,False,False,False
False,False,True,False,False,False,False
False,False,True,False,False,False,False
True,False,False,True,False,False,False
True,False,True,False,False,False,False
False,False,True,True,False,False,False
False,False,True,True,False,False,False
False,False,True,True,False,False,False
False,False,True,True,False,False,False
False,False,True,True,False,False,False
False,False,True,True,False,False,False
False,False,True,True,False,False,False
False,False,False,True,False,False,False
False,False,False,True,False,False,False
False,False,False,True,False,False,False
False,False,True,True,False,False,False
False,False,True,True,False,False,False
False,False,True,True,False,False,False
False,False,True,False,False,False,False
False,False,True,True,False,False,False
False,False,True,True,False,False,False
False,False,False,True,False,False,False
False,False,False,True,False,False,False
False,False,True,True,False,False,False
False,False,True,True,False,False,False
False,False,True,False,False,False,False
False,False,True,False,False,False,False
False,False,False,True,False,False,False
False,False,True,False,False,False,False
False,True,True,True,False,False,False
True,False,True,False,False,False,False
False,False,False,True,False,False,False
False,False,True,True,False,False,False
False,False,False,True,False,False,False
False,False,True,True,False,False,False
True,False,False,True,False,False,False
False,True,False,False,False,False,False
False,False,True,False,False,False,False
False,False,True,False,False,False,False
False,False,True,True,False,False,False
False,False,True,True,False,False,False
False,False,False,True,False,False,False
False,False,True,True,False,False,False
False,False,True,True,False,False,False
False,False,True,True,False,False,False
False,False,False,False,True,False,False
False,False,False,False,True,False,False
False,False,False,False,True,False,False
False,False,False,False,True,False,False
False,False,False,False,True,False,False
False,False,True,True,False,False,False
False,False,False,True,False,False,False
False,False,True,True,False,False,False
False,False,True,False,False,False,False
False,False,True,True,False,False,False
False,False,True,True,False,False,False
False,False,True,True,False,False,False
False,False,True,True,False,False,False
False,False,True,False,False,False,False
False,False,False,True,False,False,False
False,False,True,True,False,False,False
False,False,True,True,False,False,False
False,False,True,True,False,False,False
False,False,True,True,False,False,False
False,False,True,True,False,False,False
False,False,True,True,False,False,False
False,False,True,True,False,False,False
False,False,False,True,False,False,False
False,False,False,True,False,False,False
False,False,True,False,False,False,False
False,False,True,True,False,False,False
False,False,False,True,False,False,False
False,False,True,True,False,False,False
False,False,True,True,False,False,False
False,False,True,True,False,False,False
False,False,True,True,False,False,False
False,False,True,True,False,False,False
False,False,True,True,False,False,False
False,False,True,True,False,False,False
False,False,True,False,False,False,False
False,False,True,True,False,False,False
False,False,True,True,False,False,False
False,False,True,False,False,False,False
False,False,False,True,False,False,False
False,False,True,True,False,False,False
False,False,True,True,False,False,False
False,False,True,True,False,False,False
False,False,False,True,False,False,False
False,False,True,False,False,False,False
False,False,True,True,False,False,False
False,False,True,False,False,False,False
False,False,False,True,False,False,False
False,False,True,True,False,False,False
False,False,True,True,False,False,False
False,False,True,True,False,False,False
False,False,True,True,False,False,False
False,False,True,True,False,False,False
True,False,False,False,False,False,False
False,False,False,True,False,False,False
False,False,False,True,False,False,False
False,False,True,True,False,False,False
False,False,True,True,False,False,False
False,False,True,True,False,False,False
False,False,False,True,False,False,False
True,False,True,False,False,False,False
False,True,False,False,False,False,False
True,False,False,True,False,False,False
True,False,True,False,False,False,False
False,False,True,True,False,False,False
False,False,True,False,False,False,False
False,False,True,False,False,False,False
False,False,True,True,False,False,False
False,False,True,True,False,False,False
False,False,True,True,False,False,False
False,False,False,False,True,False,False
False,False,False,False,True,False,False
False,False,False,False,True,True,False
False,False,False,False,True,True,False
False,False,False,False,True,True,False
False,False,False,False,True,True,False
False,False,False,False,True,True,False
False,False,False,False,True,True,False
False,False,False,False,True,False,False
False,False,False,False,True,False,False
False,False,False,False,True,False,False
False,False,False,False,True,False,False
True,False,False,False,False,False,False
False,False,False,True,False,False,False
False,False,False,True,False,False,False
False,False,False,True,False,False,False
False,False,False,True,False,False,False
False,False,True,True,False,False,False
False,False,True,True,False,False,False
False,True,False,False,False,False,False
False,False,False,True,False,False,False
False,False,True,True,False,False,False
False,False,True,True,False,False,False
True,False,False,False,False,False,False
True,False,False,False,False,False,False
True,False,False,False,False,False,False
True,False,False,False,False,False,False
False,True,False,False,False,False,False
True,False,False,False,False,False,False
False,False,False,True,False,False,False
True,False,False,True,False,False,False
True,False,False,False,False,False,False
True,False,True,True,False,False,False
False,False,False,False,True,False,False
False,False,False,False,True,False,False
False,False,False,False,True,True,False
False,False,False,False,True,True,False
False,False,False,False,True,True,False
False,False,False,False,True,True,False
False,False,False,False,True,True,False
False,False,False,False,True,True,False
False,False,False,False,True,True,False
False,False,False,False,True,True,False
False,False,False,False,True,True,False
False,False,False,False,True,True,False
False,False,False,False,True,True,False
False,False,False,False,True,True,False
False,False,False,False,True,True,False
False,False,False,False,True,True,False
False,True,True,False,False,False,False
False,False,False,True,False,False,False
False,False,False,True,False,False,False
False,False,False,True,False,False,False
False,False,False,True,False,False,False
False,False,False,True,False,False,False
False,False,False,True,False,False,False
False,False,False,True,False,False,False
False,False,False,True,False,False,False
False,False,False,True,False,False,False
False,False,False,True,False,False,False
False,False,False,True,False,False,False
False,False,False,True,False,False,False
False,False,False,True,False,False,False
False,False,False,True,False,False,False
False,False,False,True,False,False,False
False,False,False,True,False,False,False
False,False,False,True,False,False,False
False,False,False,True,False,False,False
False,False,False,True,False,False,False
False,False,False,True,False,False,False
False,False,False,True,False,False,False
False,False,False,True,False,False,False
False,False,False,True,False,False,False
False,False,False,True,False,False,False
False,False,True,True,False,False,False
False,False,True,True,False,False,False
False,False,True,True,False,False,False
False,False,False,True,False,False,False
False,False,True,True,False,False,False
False,False,True,False,False,False,False
False,False,False,True,False,False,False
False,False,False,True,False,False,False
False,False,True,True,False,False,False
False,False,True,True,False,False,False
False,False,False,True,False,False,False
False,False,False,True,False,False,False
False,False,True,True,False,False,False
False,False,True,False,False,False,False
True,False,False,False,False,False,False
True,False,False,False,False,False,False
False,False,True,True,False,False,False
False,False,False,True,False,False,False
False,False,True,True,False,False,False
False,False,True,True,False,False,False
False,False,True,False,False,False,False
False,False,True,True,False,False,False
False,False,True,True,False,False,False
False,False,True,True,False,False,False
False,False,True,True,False,False,False
True,False,True,True,False,False,False
True,False,False,False,False,False,False
False,False,True,True,False,False,False
False,False,True,True,False,False,False
False,False,True,True,False,False,False
False,False,False,True,False,False,False
False,False,False,True,False,False,False
False,False,False,True,False,False,False
False,False,False,False,True,False,False
False,False,False,True,False,False,False
False,False,True,True,False,False,False
True,False,True,True,False,False,False
False,False,True,False,False,False,False
False,False,True,False,False,False,False
False,False,True,False,False,False,False
False,False,True,False,False,False,False
False,False,True,False,False,False,False
False,False,True,False,False,False,False
False,False,True,True,False,False,False
False,False,False,True,False,False,False
True,False,True,False,False,False,False
True,False,True,True,False,False,False
True,False,False,True,False,False,False
False,False,True,False,False,False,False
False,False,False,True,False,False,False
False,False,False,True,False,False,False
False,False,False,True,False,False,False
True,False,True,False,False,False,False
False,False,False,True,False,False,False
True,False,True,True,False,False,False
False,False,False,True,False,False,False
True,False,True,False,False,False,False
True,False,False,False,False,False,False
False,False,True,True,False,False,False
False,False,True,True,False,False,False
False,False,True,True,False,False,False
True,False,True,True,False,False,False
False,False,False,True,False,False,False
False,False,False,True,False,False,False
False,False,False,True,False,False,False
False,False,False,True,False,False,False
True,False,True,True,False,False,False
True,False,False,False,False,False,False
False,False,False,True,False,False,False
False,False,True,True,False,False,False
True,False,True,True,False,False,False
True,False,True,False,False,False,False
True,False,True,False,False,False,False
True,False,True,False,False,False,False
True,False,True,True,False,False,False
True,False,True,True,False,False,False
True,False,True,False,False,False,False
True,False,True,False,False,False,False
False,False,True,True,False,False,False
False,False,True,True,False,False,False
False,False,True,True,False,False,False
False,False,True,False,False,False,False
True,False,True,False,False,False,False
False,False,True,True,False,False,False
False,False,True,True,False,False,False
True,False,True,False,False,False,False
False,False,False,False,True,False,False
False,False,False,False,True,False,False
False,False,True,False,False,False,False
False,False,True,False,False,False,False
False,False,True,False,False,False,False
False,False,True,False,False,False,False
False,False,False,True,False,False,False
False,False,False,True,False,False,False
False,False,False,True,False,False,False
False,False,False,True,False,False,False
False,False,True,True,False,False,False
False,False,False,True,False,False,False
False,False,False,True,False,False,False
False,False,True,False,False,False,False
False,False,True,False,False,False,False
False,False,True,False,False,False,False
False,False,True,False,False,False,False
False,False,True,True,False,False,False
False,False,True,False,False,False,False
False,False,False,True,False,False,False
False,False,True,True,False,False,False
False,False,False,True,False,False,False
False,False,False,True,False,False,False
False,False,False,True,False,False,False
False,False,False,True,False,False,False
False,False,True,True,False,False,False
False,False,True,True,False,False,False
False,False,False,True,False,False,False
True,False,False,True,False,False,False
False,False,False,True,False,False,False
False,False,True,True,False,False,False
False,False,True,True,False,False,False
False,True,False,False,False,False,False
False,False,False,True,False,False,False
True,False,False,False,False,False,False
True,False,True,False,False,False,False
False,False,False,True,False,False,False
False,False,True,True,False,False,False
False,False,True,True,False,False,False
False,False,False,True,False,False,False
False,False,False,True,False,False,False
False,False,True,True,False,False,False
False,False,False,True,False,False,False
False,False,False,True,False,False,False
False,False,False,True,False,False,False
False,False,True,True,False,False,False
False,False,True,True,False,False,False
False,False,True,False,False,False,False
False,False,True,True,False,False,False
False,False,False,True,False,False,False
False,False,True,True,False,False,False
False,False,True,True,False,False,False
False,False,False,True,False,False,False
False,False,False,False,True,False,False
False,False,True,False,False,False,False
False,False,True,False,False,False,False
False,False,True,True,False,False,False
False,False,True,True,False,False,False
False,False,False,True,False,False,False
False,False,True,True,False,False,False
False,False,True,True,False,False,False
False,False,True,False,False,False,False
False,False,True,False,False,False,False
False,False,True,True,False,False,False
False,False,False,True,False,False,False
False,False,True,False,False,False,False
True,False,True,True,False,False,False
False,False,True,True,False,False,False
False,False,True,True,False,False,False
False,False,True,True,False,False,False
False,False,True,True,False,False,False
False,False,True,True,False,False,False
True,False,True,True,False,False,False
False,False,True,True,False,False,False
False,False,True,True,False,False,False
False,False,True,True,False,False,False
False,False,True,True,False,False,False
False,False,True,True,False,False,False
False,False,True,True,False,False,False
False,False,True,True,False,False,False
False,False,False,True,False,False,False
False,False,True,False,False,False,False
False,False,True,True,False,False,False
False,False,True,True,False,False,False
False,False,True,True,False,False,False
False,False,False,True,False,False,False
False,False,True,True,False,False,False
False,False,True,True,False,False,False
False,False,False,True,False,False,False
False,False,False,True,False,False,False
True,False,False,False,False,False,False
False,False,False,True,False,False,False
False,False,True,True,False,False,False
True,False,True,False,False,False,False
True,False,False,False,False,False,False
True,False,True,True,False,False,False
True,False,False,True,False,False,False
True,False,True,False,False,False,False
True,False,True,True,False,False,False
True,False,False,False,False,False,False
True,False,True,True,False,False,False
False,False,True,False,False,False,False
True,False,True,True,False,False,False
False,False,True,True,False,False,False
False,False,False,True,False,False,False
False,False,False,True,False,False,False
True,False,True,False,False,False,False
True,False,False,True,False,False,False
True,False,True,True,False,False,False
True,False,True,True,False,False,False
True,False,True,True,False,False,False
True,False,True,True,False,False,False
True,False,True,True,False,False,False
True,False,True,True,False,False,False
False,False,True,True,False,False,False
False,False,False,True,False,False,False
False,False,False,True,False,False,False
False,False,False,True,False,False,False
False,False,False,True,False,False,False
False,False,False,True,False,False,False
False,False,False,True,False,False,False
False,False,False,True,False,False,False
False,False,False,True,False,False,False
False,False,False,True,False,False,False
False,False,False,True,False,False,False
True,False,False,False,False,False,False
True,False,False,True,False,False,False
False,True,False,False,False,False,False
True,False,True,True,False,False,False
False,False,False,True,False,False,False
False,False,True,False,False,False,False
False,False,True,False,False,False,False
False,False,True,False,False,False,False
False,False,True,False,False,False,False
True,False,True,False,False,False,False
False,False,True,True,False,False,False
False,False,True,True,False,False,False
False,False,True,True,False,False,False
False,False,True,True,False,False,False
True,False,True,True,False,False,False
False,False,False,True,False,False,False
False,False,True,True,False,False,False
False,False,True,True,False,False,False
False,False,True,True,False,False,False
False,False,True,True,False,False,False
True,False,True,True,False,False,False
True,False,True,True,False,False,False
True,False,False,True,False,False,False
True,False,False,False,False,False,False
True,False,False,True,False,False,False
True,False,True,False,False,False,False
False,False,False,True,False,False,False
False,False,True,True,False,False,False
False,False,False,True,False,False,False
False,False,True,True,False,False,False
False,False,True,True,False,False,False
False,False,True,True,False,False,False
False,False,True,True,False,False,False
False,False,False,True,False,False,False
False,False,True,True,False,False,False
False,False,True,True,False,False,False
False,False,True,True,False,False,False
False,False,True,True,False,False,False
False,False,True,True,False,False,False
False,False,True,True,False,False,False
False,False,True,True,False,False,False
False,False,True,True,False,False,False
False,False,True,True,False,False,False
False,False,True,True,False,False,False
False,False,True,True,False,False,False
False,False,False,True,False,False,False
False,False,True,True,False,False,False
False,False,True,True,False,False,False
False,False,True,True,False,False,False
False,False,True,True,False,False,False
False,False,True,False,False,False,False
False,False,True,False,False,False,False
True,False,True,True,False,False,False
False,False,True,False,False,False,False
False,False,True,True,False,False,False
False,False,True,True,False,False,False
False,False,True,False,False,False,False
False,False,True,True,False,False,False
False,False,True,True,False,False,False
False,False,True,True,False,False,False
False,False,True,True,False,False,False
False,False,False,True,False,False,False
False,False,False,True,False,False,False
False,False,False,True,False,False,False
False,False,True,True,False,False,False
False,False,True,True,False,False,False
True,False,False,True,False,False,False
True,False,False,True,False,False,False
True,False,True,False,False,False,False
True,False,True,False,False,False,False
False,False,True,True,False,False,False
False,False,False,True,False,False,False
False,False,True,True,False,False,False
True,False,True,True,False,False,False
False,False,False,True,False,False,False
False,False,True,True,False,False,False
False,False,False,False,True,False,False
False,False,False,True,False,False,False
False,False,False,True,False,False,False
False,False,False,True,False,False,False
False,False,False,True,False,False,False
False,False,True,False,False,False,False
True,False,True,False,False,False,False
False,False,True,True,False,False,False
True,False,True,True,False,False,False
True,False,False,True,False,False,False
False,False,True,True,False,False,False
False,False,False,True,False,False,False
False,False,True,True,False,False,False
False,False,True,False,False,False,False
True,False,True,True,False,False,False
False,False,True,True,False,False,False
False,False,False,True,False,False,False
False,False,False,True,False,False,False
False,False,False,True,False,False,False
False,False,False,True,False,False,False
False,False,False,True,False,False,False
False,False,False,True,False,False,False
False,False,False,True,False,False,False
False,False,True,True,False,False,False
False,False,True,True,False,False,False
False,False,False,True,False,False,False
False,False,False,True,False,False,False
False,False,True,False,False,False,False
False,False,True,True,False,False,False
False,False,True,True,False,False,False
False,False,False,True,False,False,False
False,False,True,True,False,False,False
False,False,False,True,False,False,False
False,False,False,True,False,False,False
False,False,False,True,False,False,False
False,False,False,True,False,False,False
False,False,False,True,False,False,False
False,True,False,False,False,False,False
True,False,False,False,False,False,False
False,False,False,True,False,False,False
False,False,True,False,False,False,False
False,False,True,True,False,False,False
False,False,True,False,False,False,False
False,False,True,False,False,False,False
False,False,False,True,False,False,False
False,False,True,True,False,False,False
False,False,False,True,False,False,False
True,False,True,False,False,False,False
False,False,True,False,False,False,False
False,False,True,False,False,False,False
False,False,True,True,False,False,False
False,False,False,True,False,False,False
False,False,False,True,False,False,False
False,False,False,True,False,False,False
False,False,True,False,False,False,False
False,False,True,False,False,False,False
False,False,False,True,False,False,False
False,False,False,True,False,False,False
False,False,True,True,False,False,False
False,False,True,True,False,False,False
False,False,False,True,False,False,False
False,False,False,True,False,False,False
False,False,False,True,False,False,False
False,False,True,True,False,False,False
False,False,True,True,False,False,False
False,False,False,True,False,False,False
False,False,False,True,False,False,False
False,False,False,True,False,False,False
False,False,False,True,False,False,False
False,False,True,True,False,False,False
False,False,True,True,False,False,False
False,False,True,True,False,False,False
False,False,True,True,False,False,False
False,False,False,True,False,False,False
True,False,False,True,False,False,False
False,False,False,True,False,False,False
False,False,True,True,False,False,False
False,False,False,True,False,False,False
False,False,False,True,False,False,False
False,False,False,True,False,False,False
False,False,False,True,False,False,False
False,False,False,True,False,False,False
False,False,False,True,False,False,False
False,False,True,True,False,False,False
False,False,False,True,False,False,False
False,False,True,True,False,False,False
False,False,True,True,False,False,False
False,False,True,True,False,False,False
False,False,True,True,False,False,False
False,False,True,True,False,False,False
False,False,False,True,False,False,False
False,False,True,True,False,False,False
False,False,False,True,False,False,False
False,False,True,True,False,False,False
False,False,True,True,False,False,False
True,False,True,True,False,False,False
False,False,True,True,False,False,False
True,False,True,True,False,False,False
False,False,True,True,False,False,False
False,False,True,True,False,False,False
False,False,True,True,False,False,False
False,False,True,True,False,False,False
False,False,False,True,False,False,False
False,False,False,True,False,False,False
True,False,True,True,False,False,False
False,False,True,True,False,False,False
False,False,True,True,False,False,False
False,False,False,True,False,False,False
False,False,True,True,False,False,False
True,False,True,True,False,False,False
False,False,True,True,False,False,False
False,False,True,True,False,False,False
False,False,True,True,False,False,False
False,False,False,True,False,False,False
False,False,True,True,False,False,False
False,False,False,True,False,False,False
False,False,True,True,False,False,False
True,False,True,True,False,False,False
False,False,False,True,False,False,False
False,False,True,True,False,False,False
False,False,True,True,False,False,False
False,False,True,True,False,False,False
False,False,True,True,False,False,False
False,False,True,True,False,False,False
False,False,True,True,False,False,False
False,False,True,True,False,False,False
False,False,True,True,False,False,False
False,False,True,True,False,False,False
False,False,False,True,False,False,False
False,False,True,True,False,False,False
False,False,True,True,False,False,False
True,False,True,True,False,False,False
False,False,False,True,False,False,False
True,False,True,False,False,False,False
False,False,True,True,False,False,False
False,False,True,True,False,False,False
False,False,True,True,False,False,False
False,False,False,True,False,False,False
False,False,True,True,False,False,False
False,False,False,True,False,False,False
False,False,True,True,False,False,False
False,False,False,True,False,False,False
False,False,False,True,False,False,False
False,False,True,True,False,False,False
False,False,False,True,False,False,False
False,False,True,True,False,False,False
False,False,False,True,False,False,False
True,False,False,False,False,False,False
False,False,False,False,True,False,False
False,False,True,False,False,False,False
False,False,False,True,False,False,False
False,False,True,True,False,False,False
False,False,True,True,False,False,False
False,False,False,True,False,False,False
False,False,True,True,False,False,False
False,False,True,True,False,False,False
False,False,True,True,False,False,False
False,False,True,True,False,False,False
False,False,True,True,False,False,False
False,False,False,True,False,False,False
False,False,True,True,False,False,False
False,False,False,True,False,False,False
False,False,False,True,False,False,False
False,False,False,True,False,False,False
False,False,False,True,False,False,False
False,False,False,True,False,False,False
False,False,False,True,False,False,False
False,False,True,True,False,False,False
False,False,True,True,False,False,False
False,False,True,True,False,False,False
False,False,True,True,False,False,False
False,True,False,False,False,False,False
False,False,True,True,False,False,False
False,False,True,True,False,False,False
True,False,True,True,False,False,False
False,False,True,True,False,False,False
False,False,True,True,False,False,False
False,False,True,True,False,False,False
False,False,True,True,False,False,False
False,False,False,True,False,False,False
True,False,True,False,False,False,False
False,False,True,True,False,False,False
False,False,True,False,False,False,False
False,False,True,True,False,False,False
False,False,True,True,False,False,False
False,False,True,True,False,False,False
False,False,True,True,False,False,False
False,False,True,True,False,False,False
False,False,True,True,False,False,False
False,False,True,True,False,False,False
True,False,True,True,False,False,False
False,False,True,True,False,False,False
False,True,False,False,False,False,False
False,False,True,True,False,False,False
False,False,True,True,False,False,False
False,False,True,True,False,False,False
False,False,True,True,False,False,False
False,False,True,True,False,False,False
False,False,True,True,False,False,False
False,False,True,True,False,False,False
False,False,True,False,False,False,False
False,False,False,True,False,False,False
True,False,True,True,False,False,False
False,False,True,True,False,False,False
True,False,False,False,False,False,False
False,False,False,True,False,False,False
False,False,False,True,False,False,False
False,False,True,False,False,False,False
False,False,False,True,False,False,False
False,False,True,False,False,False,False
False,False,False,True,False,False,False
False,False,False,True,False,False,False
False,False,True,False,False,False,False
False,False,True,False,False,False,False
False,False,True,True,False,False,False
False,False,True,True,False,False,False
False,False,True,True,False,False,False
False,True,True,False,False,False,False
False,False,False,False,True,False,False
False,False,False,False,True,False,False
True,False,True,False,False,False,False
False,False,False,True,False,False,False
False,False,False,True,False,False,False
False,False,False,True,False,False,False
False,False,True,True,False,False,False
True,False,True,True,False,False,False
False,False,False,True,False,False,False
False,False,True,True,False,False,False
False,False,True,True,False,False,False
False,False,True,True,False,False,False
False,False,False,True,False,False,False
False,False,True,True,False,False,False
False,True,False,False,False,False,False
False,False,True,True,False,False,False
True,False,True,False,False,False,False
False,True,False,False,False,False,False
True,False,False,False,False,False,False
True,False,True,False,False,False,False
True,False,False,True,False,False,False
True,False,False,True,False,False,False
False,False,False,True,False,False,False
False,False,True,True,False,False,False
False,False,True,True,False,False,False
False,True,False,False,False,False,False
False,False,False,True,False,False,False
False,False,True,True,False,False,False
False,False,False,True,False,False,False
False,False,True,True,False,False,False
False,False,True,True,False,False,False
False,True,False,False,False,False,False
True,False,False,False,False,False,False
False,False,True,True,False,False,False
False,False,True,True,False,False,False
False,False,False,True,False,False,False
False,False,False,True,False,False,False
False,True,False,False,False,False,False
False,False,True,True,False,False,False
False,False,True,True,False,False,False
True,False,True,False,False,False,False
False,False,False,True,False,False,False
True,False,True,True,False,False,False
False,False,False,True,False,False,False
False,False,True,True,False,False,False
False,False,True,True,False,False,False
False,False,True,True,False,False,False
False,False,True,True,False,False,False
False,False,True,False,False,False,False
False,False,True,True,False,False,False
False,False,True,False,False,False,False
False,False,False,True,False,False,False
False,False,True,False,False,False,False
False,False,True,True,False,False,False
False,False,True,True,False,False,False
False,False,True,False,False,False,False
False,False,True,True,False,False,False
False,True,False,False,False,False,False
False,False,True,False,False,False,False
True,False,False,False,False,False,False
False,False,True,True,False,False,False
False,False,True,True,False,False,False
False,False,True,True,False,False,False
False,False,True,True,False,False,False
False,False,True,True,False,False,False
False,False,True,True,False,False,False
False,False,False,True,False,False,False
False,False,True,True,False,False,False
False,False,True,True,False,False,False
False,False,True,True,False,False,False
False,False,False,True,False,False,False
False,False,True,True,False,False,False
False,False,True,True,False,False,False
False,False,True,True,False,False,False
True,False,True,False,False,False,False
False,False,True,True,False,False,False
False,False,True,True,False,False,False
True,False,True,False,False,False,False
False,False,True,True,False,False,False
False,False,False,True,False,False,False
False,False,True,False,False,False,False
False,False,True,False,False,False,False
False,False,False,True,False,False,False
False,True,False,False,False,False,False
False,False,True,True,False,True,False
False,False,True,True,False,True,False
False,False,True,True,False,True,False
True,False,False,False,False,False,False
False,False,False,False,True,False,False
False,False,False,False,True,False,False
False,False,False,False,True,False,False
False,False,False,False,True,False,False
False,False,False,False,True,False,False
False,False,False,False,True,False,False
False,False,False,False,True,False,False
False,False,False,False,True,False,False
False,False,True,True,False,False,False
False,False,False,True,False,False,False
False,False,False,True,False,False,False
False,False,True,False,False,False,False
False,False,True,True,False,False,False
False,False,True,False,False,False,False
False,False,True,False,False,False,False
False,False,True,True,False,False,False
False,False,False,True,False,False,False
False,False,True,True,False,False,False
False,False,False,True,False,False,False
False,False,True,True,False,False,False
False,False,True,False,False,False,False
False,False,True,False,False,False,False
False,False,True,True,False,False,False
False,False,False,True,False,False,False
False,False,False,True,False,False,False
False,False,True,True,False,False,False
False,False,False,True,False,False,False
False,False,True,True,False,False,False
False,False,True,True,False,False,False
False,False,False,True,False,False,False
False,False,False,False,False,False,True
False,False,False,False,False,False,True
False,False,False,False,False,False,True
False,False,False,False,False,False,True
False,False,False,False,False,False,True
False,False,False,False,False,False,True
False,False,False,False,False,False,True
False,False,False,False,False,False,True
False,False,False,False,False,False,True
False,False,False,False,False,False,True
False,False,False,False,False,False,True
False,False,False,False,False,False,True
False,False,False,False,False,False,True
False,False,False,False,False,False,True
False,False,False,False,False,False,True
False,False,False,False,False,False,True
False,False,False,False,False,False,True
False,False,False,False,False,False,True
False,False,False,False,False,False,True
False,False,False,False,False,False,True
False,False,False,False,False,False,True
False,False,False,False,False,False,True
False,False,False,False,False,False,True
False,False,False,False,False,False,True
False,False,False,False,False,False,True
False,False,False,False,False,False,True
False,False,False,False,False,False,True
False,False,False,False,False,False,True
False,False,False,False,False,False,True
False,False,False,False,False,False,True
False,False,False,False,False,False,True
False,False,False,False,False,False,True
False,False,False,False,False,False,True
False,False,False,False,False,False,True
False,False,False,False,False,False,True
False,False,False,False,False,False,True
False,False,False,False,False,False,True
False,False,False,False,False,False,True
False,False,False,False,False,False,True
False,False,False,False,False,False,True
False,False,False,False,False,False,True
False,False,False,False,False,False,True
False,False,False,False,False,False,True
False,False,False,False,False,False,True
False,False,False,False,False,False,True
False,False,False,False,False,False,True
False,False,False,False,False,False,True
False,False,False,False,False,False,True
False,False,False,False,False,False,True
False,False,False,False,False,False,True
False,False,False,False,False,False,True
False,False,False,False,False,False,True
False,False,False,False,False,False,True
False,False,False,False,False,False,True
False,False,False,False,False,False,True
False,False,False,False,False,False,True
False,False,False,False,False,False,True
False,False,False,False,False,False,True
False,False,False,False,False,False,True
False,False,False,False,False,False,True
False,False,False,False,False,False,True
False,False,False,False,False,False,True
False,False,False,False,False,False,True
False,False,False,False,False,False,True
False,False,False,False,False,False,True
False,False,False,False,False,False,True
False,False,False,False,False,False,True
False,False,False,False,False,False,True
False,False,False,False,False,False,True
False,False,False,False,False,False,True
False,False,False,False,False,False,True
False,False,False,False,False,False,True
False,False,False,False,False,False,True
False,False,False,False,False,False,True
False,False,False,False,False,False,True
False,False,False,False,False,False,True
False,False,False,False,False,False,True
False,False,False,False,False,False,True
False,False,False,False,False,False,True
False,False,False,False,False,False,True
False,False,False,False,False,False,True
False,False,False,False,False,False,True
False,False,False,False,False,False,True
False,False,False,False,False,False,True
False,False,False,False,False,False,True
False,False,False,False,False,False,True
False,False,False,False,False,False,True
False,False,False,False,False,False,True
False,False,False,False,False,False,True
False,False,False,False,False,False,True
False,False,False,False,False,False,True
False,False,False,False,False,False,True
False,False,False,False,False,False,True
False,False,False,False,False,False,True
False,False,False,False,False,False,True
False,False,False,False,False,False,True
False,False,False,False,False,False,True
False,False,False,False,False,False,True
False,False,False,False,False,False,True
False,False,False,False,False,False,True
False,False,False,False,False,False,True
False,False,False,False,False,False,True
False,False,False,False,False,False,True
False,False,False,False,False,False,True
False,False,False,False,False,False,True
False,False,False,False,False,False,True
False,False,False,False,False,False,True
False,False,False,False,False,False,True
False,False,False,False,False,False,True
False,False,False,False,False,False,True
False,False,False,False,False,False,True
False,False,False,False,False,False,True
False,False,False,False,False,False,True
False,False,False,False,False,False,True
False,False,False,False,False,False,True
False,False,False,False,False,False,True
False,False,False,False,False,False,True
False,False,False,False,False,False,True
False,False,False,False,False,False,True
False,False,False,False,False,False,True
False,False,False,False,False,False,True
False,False,False,False,False,False,True
False,False,False,False,False,False,True
False,False,False,False,False,False,True
False,False,False,False,False,False,True
False,False,False,False,False,False,True
False,False,False,False,False,False,True
False,False,False,False,False,False,True
False,False,False,False,False,False,True
False,False,False,False,False,False,True
False,False,False,False,False,False,True
False,False,False,False,False,False,True
False,False,False,False,False,False,True
False,False,False,False,False,False,True
False,False,False,False,False,False,True
False,False,False,False,False,False,True
False,False,False,False,False,False,True
False,False,False,False,False,False,True
False,False,False,False,False,False,True
False,False,False,False,False,False,True
False,False,False,False,False,False,True
False,False,False,False,False,False,True
False,False,False,False,False,False,True
False,False,False,False,False,False,True
False,False,False,False,False,False,True
False,False,False,False,False,False,True
False,False,False,False,False,False,True
False,False,False,False,False,False,True
False,False,False,False,False,False,True
False,False,False,False,False,False,True
False,False,False,False,False,False,True
False,False,False,False,False,False,True
False,False,False,False,False,False,True
False,False,False,False,False,False,True
False,False,False,False,False,False,True
False,False,False,False,False,False,True
False,False,False,False,False,False,True
False,False,False,False,False,False,True
False,False,False,False,False,False,True
False,False,False,False,False,False,True
False,False,False,False,False,False,True
False,False,False,False,False,False,True
False,False,False,False,False,False,True
False,False,False,False,False,False,True
False,False,False,False,False,False,True
False,False,False,False,False,False,True
False,False,False,False,False,False,True
False,False,False,False,False,False,True
False,False,False,False,False,False,True
False,False,False,False,False,False,True
False,False,False,False,False,False,True
False,False,False,False,False,False,True
False,False,False,False,False,False,True
False,False,False,False,False,False,True
False,False,False,False,False,False,True
False,False,False,False,False,False,True
False,False,False,False,False,False,True
False,False,False,False,False,False,True
False,False,False,False,False,False,True
False,False,False,False,False,False,True
False,False,False,False,False,False,True
False,False,False,False,False,False,True
False,False,False,False,False,False,True
False,False,False,False,False,False,True
False,False,False,False,False,False,True
False,False,False,False,False,False,True
False,False,False,False,False,False,True
False,False,False,False,False,False,True
False,False,False,False,False,False,True
False,False,False,False,False,False,True
False,False,False,False,False,False,True
False,False,False,False,False,False,True
False,False,False,False,False,False,True
False,False,False,False,False,False,True
False,False,False,False,False,False,True
False,False,False,False,False,False,True
False,False,False,False,False,False,True
False,False,False,False,False,False,True
False,False,False,False,False,False,True
False,False,False,False,False,False,True
False,False,False,False,False,False,True
False,False,False,False,False,False,True
False,False,False,False,False,False,True
False,False,False,False,False,False,True
False,False,False,False,False,False,True
False,False,False,False,False,False,True
False,False,False,False,False,False,True
False,False,False,False,False,False,True
False,False,False,False,False,False,True
False,False,False,False,False,False,True
False,False,False,False,False,False,True
False,False,False,False,False,False,True
False,False,False,False,False,False,True
False,False,False,False,False,False,True
False,False,False,False,False,False,True
False,False,False,False,False,False,True
False,False,False,False,False,False,True
False,False,False,False,False,False,True
False,False,False,False,False,False,True
False,False,False,False,False,False,True
False,False,False,False,False,False,True
False,False,False,False,False,False,True
False,False,False,False,False,False,True
False,False,False,False,False,False,True
False,False,False,False,False,False,True
False,False,False,False,False,False,True
False,False,False,False,False,False,True
False,False,False,False,False,False,True
False,False,False,False,False,False,True
False,False,False,False,False,False,True
False,False,False,False,False,False,True
False,False,False,False,False,False,True
False,False,False,False,False,False,True
False,False,False,False,False,False,True
False,False,False,False,False,False,True
False,False,False,False,False,False,True
False,False,False,False,False,False,True
False,False,False,False,False,False,True
False,False,False,False,False,False,True
False,False,False,False,False,False,True
False,False,False,False,False,False,True
False,False,False,False,False,False,True
False,False,False,False,False,False,True
False,False,False,False,False,False,True
False,False,False,False,False,False,True
False,False,False,False,False,False,True
False,False,False,False,False,False,True
False,False,False,False,False,False,True
False,False,False,False,False,False,True
False,False,False,False,False,False,True
False,False,False,False,False,False,True
False,False,False,False,False,False,True
False,False,False,False,False,False,True
False,False,False,False,False,False,True
False,False,False,False,False,False,True
False,False,False,False,False,False,True
False,False,False,False,False,False,True
False,False,False,False,False,False,True
False,False,False,False,False,False,True
False,False,False,False,False,False,True
False,False,False,False,False,False,True
False,False,False,False,False,False,True
False,False,False,False,False,False,True
False,False,False,False,False,False,True
False,False,False,False,False,False,True
False,False,False,False,False,False,True
False,False,False,False,False,False,True
False,False,False,False,False,False,True
False,False,False,False,False,False,True
False,False,False,False,False,False,True
False,False,False,False,False,False,True
False,False,False,False,False,False,True
False,False,False,False,False,False,True
False,False,False,False,False,False,True
False,False,False,False,False,False,True
False,False,False,False,False,False,True
False,False,False,False,False,False,True
False,False,False,False,False,False,True
False,False,False,False,False,False,True
False,False,False,False,False,False,True
False,False,False,False,False,False,True
False,False,False,False,False,False,True
False,False,False,False,False,False,True
False,False,False,False,False,False,True
False,False,False,False,False,False,True
False,False,False,False,False,False,True
False,False,False,False,False,False,True
False,False,False,False,False,False,True
False,False,False,False,False,False,True
False,False,False,False,False,False,True
False,False,False,False,False,False,True
False,False,False,False,False,False,True
False,False,False,False,False,False,True
False,False,False,False,False,False,True
False,False,False,False,False,False,True
False,False,False,False,False,False,True
False,False,False,False,False,False,True
False,False,False,False,False,False,True
False,False,False,False,False,False,True
False,False,False,False,False,False,True
False,False,False,False,False,False,True
False,False,False,False,False,False,True
False,False,False,False,False,False,True
False,False,False,False,False,False,True
False,False,False,False,False,False,True
False,False,False,False,False,False,True
False,False,False,False,False,False,True
False,False,False,False,False,False,True
False,False,False,False,False,False,True
False,False,False,False,False,False,True
False,False,False,False,False,False,True
False,False,False,False,False,False,True
False,False,False,False,False,False,True
False,False,False,False,False,False,True
False,False,False,False,False,False,True
False,False,False,False,False,False,True
False,False,False,False,False,False,True
False,False,False,False,False,False,True
False,False,False,False,False,False,True
False,False,False,False,False,False,True
False,False,False,False,False,False,True
False,False,False,False,False,False,True
False,False,False,False,False,False,True
False,False,False,False,False,False,True
False,False,False,False,False,False,True
False,False,False,False,False,False,True
False,False,False,False,False,False,True
False,False,False,False,False,False,True
False,False,False,False,False,False,True
False,False,False,False,False,False,True
False,False,False,False,False,False,True
False,False,False,False,False,False,True
False,False,False,False,False,False,True
False,False,False,False,False,False,True
False,False,False,False,False,False,True
False,False,False,False,False,False,True
False,False,False,False,False,False,True
False,False,False,False,False,False,True
False,False,False,False,False,False,True
False,False,False,False,False,False,True
False,False,False,False,False,False,True
False,False,False,False,False,False,True
False,False,False,False,False,False,True
False,False,False,False,False,False,True
False,False,False,False,False,False,True
False,False,False,False,False,False,True
False,False,False,False,False,False,True
False,False,False,False,False,False,True
False,False,False,False,False,False,True
False,False,False,False,False,False,True
False,False,False,False,False,False,True
False,False,False,False,False,False,True
False,False,False,False,False,False,True
False,False,False,False,False,False,True
False,False,False,False,False,False,True
False,False,False,False,False,False,True
False,False,False,False,False,False,True
False,False,False,False,False,False,True
False,False,False,False,False,False,True
False,False,False,False,False,False,True
False,False,False,False,False,False,True
False,False,False,False,False,False,True
False,False,False,False,False,False,True
False,False,False,False,False,False,True
False,False,False,False,False,False,True
False,False,False,False,False,False,True
False,False,False,False,False,False,True
False,False,False,False,False,False,True
False,False,False,False,False,False,True
False,False,False,False,False,False,True
False,False,False,False,False,False,True
False,False,False,False,False,False,True
False,False,False,False,False,False,True
False,False,False,False,False,False,True
False,False,False,False,False,False,True
False,False,False,False,False,False,True
False,False,False,False,False,False,True
False,False,False,False,False,False,True
False,False,False,False,False,False,True
False,False,False,False,False,False,True
False,False,False,False,False,False,True
False,False,False,False,False,False,True
False,False,False,False,False,False,True
False,False,False,False,False,False,True
False,False,False,False,False,False,True
False,False,False,False,False,False,True
False,False,False,False,False,False,True
False,False,False,False,False,False,True
False,False,False,False,False,False,True
False,False,False,False,False,False,True
False,False,False,False,False,False,True
False,False,False,False,False,False,True
False,False,False,False,False,False,True
False,False,False,False,False,False,True
False,False,False,False,False,False,True
False,False,False,False,False,False,True
False,False,False,False,False,False,True
False,False,False,False,False,False,True
False,False,False,False,False,False,True
False,False,False,False,False,False,True
False,False,False,False,False,False,True
False,False,False,False,False,False,True
False,False,False,False,False,False,True
False,False,False,False,False,False,True
False,False,False,False,False,False,True
False,False,False,False,False,False,True
False,False,False,False,False,False,True
False,False,False,False,False,False,True
False,False,False,False,False,False,True
False,False,False,False,False,False,True
False,False,False,False,False,False,True
False,False,False,False,False,False,True
False,False,False,False,False,False,True
False,False,False,False,False,False,True
False,False,False,False,False,False,True
False,False,False,False,False,False,True
False,False,False,False,False,False,True
False,False,False,False,False,False,True
False,False,False,False,False,False,True
False,False,False,False,False,False,True
False,False,False,False,False,False,True
False,False,False,False,False,False,True
False,False,False,False,False,False,True
False,False,False,False,False,False,True
False,False,False,False,False,False,True
False,False,False,False,False,False,True
False,False,False,False,False,False,True
False,False,False,False,False,False,True
False,False,False,False,False,False,True
False,False,False,False,False,False,True
False,False,False,False,False,False,True
False,False,False,False,False,False,True
False,False,False,False,False,False,True
False,False,False,False,False,False,True
False,False,False,False,False,False,True
False,False,False,False,False,False,True
False,False,False,False,False,False,True
False,False,False,False,False,False,True
False,False,False,False,False,False,True
False,False,False,False,False,False,True
False,False,False,False,False,False,True
False,False,False,False,False,False,True
False,False,False,False,False,False,True
False,False,False,False,False,False,True
False,False,False,False,False,False,True
False,False,False,False,False,False,True
False,False,False,False,False,False,True
False,False,False,False,False,False,True
False,False,False,False,False,False,True
False,False,False,False,False,False,True
False,False,False,False,False,False,True
False,False,False,False,False,False,True
False,False,False,False,False,False,True
False,False,False,False,False,False,True
False,False,False,False,False,False,True
False,False,False,False,False,False,True
False,False,False,False,False,False,True
False,False,False,False,False,False,True
False,False,False,False,False,False,True
False,False,False,False,False,False,True
False,False,False,False,False,False,True
False,False,False,False,False,False,True
False,False,False,False,False,False,True
False,False,False,False,False,False,True
False,False,False,False,False,False,True
False,False,False,False,False,False,True
False,False,False,False,False,False,True
False,False,False,False,False,False,True
False,False,False,False,False,False,True
False,False,False,False,False,False,True
False,False,False,False,False,False,True
False,False,False,False,False,False,True
False,False,False,False,False,False,True
False,False,False,False,False,False,True
False,False,False,False,False,False,True
False,False,False,False,False,False,True
False,False,False,False,False,False,True
False,False,False,False,False,False,True
False,False,False,False,False,False,True
False,False,False,False,False,False,True
False,False,False,False,False,False,True
False,False,False,False,False,False,True
False,False,False,False,False,False,True
False,False,False,False,False,False,True
False,False,False,False,False,False,True
False,False,False,False,False,False,True
False,False,False,False,False,False,True
False,False,False,False,False,False,True
False,False,False,False,False,False,True
False,False,False,False,False,False,True
False,False,False,False,False,False,True
False,False,False,False,False,False,True
False,False,False,False,False,False,True
False,False,False,False,False,False,True
False,False,False,False,False,False,True
False,False,False,False,False,False,True
False,False,False,False,False,False,True
False,False,False,False,False,False,True
False,False,False,False,False,False,True
False,False,False,False,False,False,True
False,False,False,False,False,False,True
False,False,False,False,False,False,True
False,False,False,False,False,False,True
False,False,False,False,False,False,True
False,False,False,False,False,False,True
False,False,False,False,False,False,True
False,False,False,False,False,False,True
False,False,False,False,False,False,True
False,False,False,False,False,False,True
False,False,False,False,False,False,True
False,False,False,False,False,False,True
False,False,False,False,False,False,True
False,False,False,False,False,False,True
False,False,False,False,False,False,True
False,False,False,False,False,False,True
False,False,False,False,False,False,True
False,False,False,False,False,False,True
False,False,False,False,False,False,True
False,False,False,False,False,False,True
False,False,False,False,False,False,True
False,False,False,False,False,False,True
False,False,False,False,False,False,True
False,False,False,False,False,False,True
False,False,False,False,False,False,True
False,False,False,False,False,False,True
False,False,False,False,False,False,True
False,False,False,False,False,False,True
False,False,False,False,False,False,True
False,False,False,False,False,False,True
False,False,False,False,False,False,True
False,False,False,False,False,False,True
False,False,False,False,False,False,True
False,False,False,False,False,False,True
False,False,False,False,False,False,True
False,False,False,False,False,False,True
False,False,False,False,False,False,True
False,False,False,False,False,False,True
False,False,False,False,False,False,True
False,False,False,False,False,False,True
False,False,False,False,False,False,True
False,False,False,False,False,False,True
False,False,False,False,False,False,True
False,False,False,False,False,False,True
False,False,False,False,False,False,True
False,False,False,False,False,False,True
False,False,False,False,False,False,True
False,False,False,False,False,False,True
False,False,False,False,False,False,True
False,False,False,False,False,False,True
False,False,False,False,False,False,True
False,False,False,False,False,False,True
False,False,False,False,False,False,True
False,False,False,False,False,False,True
False,False,False,False,False,False,True
False,False,False,False,False,False,True
False,False,False,False,False,False,True
False,False,False,False,False,False,True
False,False,False,False,False,False,True
False,False,False,False,False,False,True
False,False,False,False,False,False,True
False,False,False,False,False,False,True
False,False,False,False,False,False,True
False,False,False,False,False,False,True
False,False,False,False,False,False,True
False,False,False,False,False,False,True
False,False,False,False,False,False,True
False,False,False,False,False,False,True
False,False,False,False,False,False,True
False,False,False,False,False,False,True
False,False,False,False,False,False,True
False,False,False,False,False,False,True
False,False,False,False,False,False,True
False,False,False,False,False,False,True
False,False,False,False,False,False,True
False,False,False,False,False,False,True
False,False,False,False,False,False,True
False,False,False,False,False,False,True
False,False,False,False,False,False,True
False,False,False,False,False,False,True
False,False,False,False,False,False,True
False,False,False,False,False,False,True
False,False,False,False,False,False,True
False,False,False,False,False,False,True
False,False,False,False,False,False,True
False,False,False,False,False,False,True
False,False,False,False,False,False,True
False,False,False,False,False,False,True
False,False,False,False,False,False,True
False,False,False,False,False,False,True
False,False,False,False,False,False,True
False,False,False,False,False,False,True
False,False,False,False,False,False,True
False,False,False,False,False,False,True
False,False,False,False,False,False,True
False,False,False,False,False,False,True
False,False,False,False,False,False,True
False,False,False,False,False,False,True
False,False,False,False,False,False,True
False,False,False,False,False,False,True
False,False,False,False,False,False,True
False,False,False,False,False,False,True
False,False,False,False,False,False,True
False,False,False,False,False,False,True
False,False,False,False,False,False,True
False,False,False,False,False,False,True
False,False,False,False,False,False,True
False,False,False,False,False,False,True
False,False,False,False,False,False,True
False,False,False,False,False,False,True
False,False,False,False,False,False,True
False,False,False,False,False,False,True
False,False,False,False,False,False,True
False,False,False,False,False,False,True
False,False,False,False,False,False,True
False,False,False,False,False,False,True
False,False,False,False,False,False,True
False,False,False,False,False,False,True
False,False,False,False,False,False,True
False,False,False,False,False,False,True
False,False,False,False,False,False,True
False,False,False,False,False,False,True
False,False,False,False,False,False,True
False,False,False,False,False,False,True
False,False,False,False,False,False,True
False,False,False,False,False,False,True
False,False,False,False,False,False,True
False,False,False,False,False,False,True
False,False,False,False,False,False,True
False,False,False,False,False,False,True
False,False,False,False,False,False,True
False,False,False,False,False,False,True
False,False,False,False,False,False,True
False,False,False,False,False,False,True
False,False,False,False,False,False,True
False,False,False,False,False,False,True
False,False,False,False,False,False,True
False,False,False,False,False,False,True
False,False,False,False,False,False,True
False,False,False,False,False,False,True
False,False,False,False,False,False,True
False,False,False,False,False,False,True
False,False,False,False,False,False,True
False,False,False,False,False,False,True
False,False,False,False,False,False,True
False,False,False,False,False,False,True
False,False,False,False,False,False,True
False,False,False,False,False,False,True
False,False,False,False,False,False,True
False,False,False,False,False,False,True
False,False,False,False,False,False,True
False,False,False,False,False,False,True
False,False,False,False,False,False,True
False,False,False,False,False,False,True
False,False,False,False,False,False,True
False,False,False,False,False,False,True
False,False,False,False,False,False,True
False,False,False,False,False,False,True
False,False,False,False,False,False,True
False,False,False,False,False,False,True
False,False,False,False,False,False,True
False,False,False,False,False,False,True
False,False,False,False,False,False,True
False,False,False,False,False,False,True
False,False,False,False,False,False,True
False,False,False,False,False,False,True
False,False,False,False,False,False,True
False,False,False,False,False,False,True
False,False,False,False,False,False,True
False,False,False,False,False,False,True
False,False,False,False,False,False,True
False,False,False,False,False,False,True
False,False,False,False,False,False,True
False,False,False,False,False,False,True
False,False,False,False,False,False,True
False,False,False,False,False,False,True
False,False,False,False,False,False,True
False,False,False,False,False,False,True
False,False,False,False,False,False,True
False,False,False,False,False,False,True
False,False,False,False,False,False,True
False,False,False,False,False,False,True
False,False,False,False,False,False,True
False,False,False,False,False,False,True
False,False,False,False,False,False,True
False,False,False,False,False,False,True
False,False,False,False,False,False,True
False,False,False,False,False,False,True
False,False,False,False,False,False,True
False,False,False,False,False,False,True
False,False,False,False,False,False,True
False,False,False,False,False,False,True
False,False,False,False,False,False,True
False,False,False,False,False,False,True
False,False,False,False,False,False,True
False,False,False,False,False,False,True
False,False,False,False,False,False,True
False,False,False,False,False,False,True
False,False,False,False,False,False,True
False,False,False,False,False,False,True
False,False,False,False,False,False,True
False,False,False,False,False,False,True
False,False,False,False,False,False,True
False,False,False,False,False,False,True
False,False,False,False,False,False,True
False,False,False,False,False,False,True
False,False,False,False,False,False,True
False,False,False,False,False,False,True
False,False,False,False,False,False,True
False,False,False,False,False,False,True
False,False,False,False,False,False,True
False,False,False,False,False,False,True
False,False,False,False,False,False,True
False,False,False,False,False,False,True
False,False,False,False,False,False,True
False,False,False,False,False,False,True
False,False,False,False,False,False,True
False,False,False,False,False,False,True
False,False,False,False,False,False,True
False,False,False,False,False,False,True
False,False,False,False,False,False,True
False,False,False,False,False,False,True
False,False,False,False,False,False,True
False,False,False,False,False,False,True
False,False,False,False,False,False,True
False,False,False,False,False,False,True
False,False,False,False,False,False,True
False,False,False,False,False,False,True
False,False,False,False,False,False,True
False,False,False,False,False,False,True
False,False,False,False,False,False,True
False,False,False,False,False,False,True
False,False,False,False,False,False,True
False,False,False,False,False,False,True
False,False,False,False,False,False,True
False,False,False,False,False,False,True
False,False,False,False,False,False,True
False,False,False,False,False,False,True
False,False,False,False,False,False,True
False,False,False,False,False,False,True
False,False,False,False,False,False,True
False,False,False,False,False,False,True
False,False,False,False,False,False,True
False,False,False,False,False,False,True
False,False,False,False,False,False,True
False,False,False,False,False,False,True
False,False,False,False,False,False,True
False,False,False,False,False,False,True
False,False,False,False,False,False,True
False,False,False,False,False,False,True
False,False,False,False,False,False,True
False,False,False,False,False,False,True
False,False,False,False,False,False,True
False,False,False,False,False,False,True
False,False,False,False,False,False,True
False,False,False,False,False,False,True
False,False,False,False,False,False,True
False,False,False,False,False,False,True
False,False,False,False,False,False,True
False,False,False,False,False,False,True
False,False,False,False,False,False,True
False,False,False,False,False,False,True
False,False,False,False,False,False,True
False,False,False,False,False,False,True
False,False,False,False,False,False,True
False,False,False,False,False,False,True
False,False,False,False,False,False,True
False,False,False,False,False,False,True
False,False,False,False,False,False,True
False,False,False,False,False,False,True
False,False,False,False,False,False,True
False,False,False,False,False,False,True
False,False,False,False,False,False,True
False,False,False,False,False,False,True
False,False,False,False,False,False,True
False,False,False,False,False,False,True
False,False,False,False,False,False,True
False,False,False,False,False,False,True
False,False,False,False,False,False,True
False,False,False,False,False,False,True
False,False,False,False,False,False,True
False,False,False,False,False,False,True
False,False,False,False,False,False,True
False,False,False,False,False,False,True
False,False,False,False,False,False,True
False,False,False,False,False,False,True
False,False,False,False,False,False,True
False,False,False,False,False,False,True
False,False,False,False,False,False,True
False,False,False,False,False,False,True
False,False,False,False,False,False,True
False,False,False,False,False,False,True
False,False,False,False,False,False,True
False,False,False,False,False,False,True
False,False,False,False,False,False,True
False,False,False,False,False,False,True
False,False,False,False,False,False,True
False,False,False,False,False,False,True
False,False,False,False,False,False,True
False,False,False,False,False,False,True
False,False,False,False,False,False,True
False,False,False,False,False,False,True
False,False,False,False,False,False,True
False,False,False,False,False,False,True
False,False,False,False,False,False,True
False,False,False,False,False,False,True
False,False,False,False,False,False,True
False,False,False,False,False,False,True
False,False,False,False,False,False,True
False,False,False,False,False,False,True
False,False,False,False,False,False,True
False,False,False,False,False,False,True
False,False,False,False,False,False,True
False,False,False,False,False,False,True
False,False,False,False,False,False,True
False,False,False,False,False,False,True
False,False,False,False,False,False,True
False,False,False,False,False,False,True
False,False,False,False,False,False,True
False,False,False,False,False,False,True
False,False,False,False,False,False,True
False,False,False,False,False,False,True
False,False,False,False,False,False,True
False,False,False,False,False,False,True
False,False,False,False,False,False,True
False,False,False,False,False,False,True
False,False,False,False,False,False,True
False,False,False,False,False,False,True
False,False,False,False,False,False,True
False,False,False,False,False,False,True
False,False,False,False,False,False,True
False,False,False,False,False,False,True
False,False,False,False,False,False,True
False,False,False,False,False,False,True
False,False,False,False,False,False,True
False,False,False,False,False,False,True
False,False,False,False,False,False,True
False,False,False,False,False,False,True
False,False,False,False,False,False,True
False,False,False,False,False,False,True
False,False,False,False,False,False,True
False,False,False,False,False,False,True
False,False,False,False,False,False,True
False,False,False,False,False,False,True
False,False,False,False,False,False,True
False,False,False,False,False,False,True
False,False,False,False,False,False,True
False,False,False,False,False,False,True
False,False,False,False,False,False,True
False,False,False,False,False,False,True
False,False,False,False,False,False,True
False,False,False,False,False,False,True
False,False,False,False,False,False,True
False,False,False,False,False,False,True
False,False,False,False,False,False,True
False,False,False,False,False,False,True
False,False,False,False,False,False,True
False,False,False,False,False,False,True
False,False,False,False,False,False,True
False,False,False,False,False,False,True
False,False,False,False,False,False,True
False,False,False,False,False,False,True
False,False,False,False,False,False,True
False,False,False,False,False,False,True
False,False,False,False,False,False,True
False,False,False,False,False,False,True
False,False,False,False,False,False,True
False,False,False,False,False,False,True
False,False,False,False,False,False,True
False,False,False,False,False,False,True
False,False,False,False,False,False,True
False,False,False,False,False,False,True
False,False,False,False,False,False,True
False,False,False,False,False,False,True
False,False,False,False,False,False,True
False,False,False,False,False,False,True
False,False,False,False,False,False,True
False,False,False,False,False,False,True
False,False,False,False,False,False,True
False,False,False,False,False,False,True
False,False,False,False,False,False,True
False,False,False,False,False,False,True
False,False,False,False,False,False,True
False,False,False,False,False,False,True
False,False,False,False,False,False,True
False,False,False,False,False,False,True
False,False,False,False,False,False,True
False,False,False,False,False,False,True
False,False,False,False,False,False,True
False,False,False,False,False,False,True
False,False,False,False,False,False,True
False,False,False,False,False,False,True
False,False,False,False,False,False,True
False,False,False,False,False,False,True
False,False,False,False,False,False,True
False,False,False,False,False,False,True
False,False,False,False,False,False,True
False,False,False,False,False,False,True
False,False,False,False,False,False,True
False,False,False,False,False,False,True
False,False,False,False,False,False,True
False,False,False,False,False,False,True
False,False,False,False,False,False,True
False,False,False,False,False,False,True
False,False,False,False,False,False,True
False,False,False,False,False,False,True
False,False,False,False,False,False,True
False,False,False,False,False,False,True
False,False,False,False,False,False,True
False,False,False,False,False,False,True
False,False,False,False,False,False,True
False,False,False,False,False,False,True
False,False,False,False,False,False,True
False,False,False,False,False,False,True
False,False,False,False,False,False,True
False,False,False,False,False,False,True
False,False,False,False,False,False,True
False,False,False,False,False,False,True
False,False,False,False,False,False,True
False,False,False,False,False,False,True
False,False,False,False,False,False,True
False,False,False,False,False,False,True
False,False,False,False,False,False,True
False,False,False,False,False,False,True
False,False,False,False,False,False,True
False,False,False,False,False,False,True
False,False,False,False,False,False,True
False,False,False,False,False,False,True
False,False,False,False,False,False,True
False,False,False,False,False,False,True
False,False,False,False,False,False,True
False,False,False,False,False,False,True
False,False,False,False,False,False,True
False,False,False,False,False,False,True
False,False,False,False,False,False,True
False,False,False,False,False,False,True
False,False,False,False,False,False,True
False,False,False,False,False,False,True
False,False,False,False,False,False,True
False,False,False,False,False,False,True
False,False,False,False,False,False,True
False,False,False,False,False,False,True
False,False,False,False,False,False,True
False,False,False,False,False,False,True
False,False,False,False,False,False,True
False,False,False,False,False,False,True
False,False,False,False,False,False,True
False,False,False,False,False,False,True
False,False,False,False,False,False,True
False,False,False,False,False,False,True
False,False,False,False,False,False,True
False,False,False,False,False,False,True
False,False,False,False,False,False,True
False,False,False,False,False,False,True
False,False,False,False,False,False,True
False,False,False,False,False,False,True
False,False,False,False,False,False,True
False,False,False,False,False,False,True
False,False,False,False,False,False,True
False,False,False,False,False,False,True
False,False,False,False,False,False,True
False,False,False,False,False,False,True
False,False,False,False,False,False,True
False,False,False,False,False,False,True
False,False,False,False,False,False,True
False,False,False,False,False,False,True
False,False,False,False,False,False,True
False,False,False,False,False,False,True
False,False,False,False,False,False,True
False,False,False,False,False,False,True
False,False,False,False,False,False,True
False,False,False,False,False,False,True
False,False,False,False,False,False,True
False,False,False,False,False,False,True
False,False,False,False,False,False,True
False,False,False,False,False,False,True
False,False,False,False,False,False,True
False,False,False,False,False,False,True
False,False,False,False,False,False,True
False,False,False,False,False,False,True
False,False,False,False,False,False,True
False,False,False,False,False,False,True
False,False,False,False,False,False,True
False,False,False,False,False,False,True
False,False,False,False,False,False,True
False,False,False,False,False,False,True
False,False,False,False,False,False,True
False,False,False,False,False,False,True
False,False,False,False,False,False,True
False,False,False,False,False,False,True
False,False,False,False,False,False,True
False,False,False,False,False,False,True
False,False,False,False,False,False,True
False,False,False,False,False,False,True
False,False,False,False,False,False,True
False,False,False,False,False,False,True
False,False,False,False,False,False,True
False,False,False,False,False,False,True
False,False,False,False,False,False,True
False,False,False,False,False,False,True
False,False,False,False,False,False,True
False,False,False,False,False,False,True
False,False,False,False,False,False,True
False,False,False,False,False,False,True
False,False,False,False,False,False,True
False,False,False,False,False,False,True
False,False,False,False,False,False,True
False,False,False,False,False,False,True
False,False,False,False,False,False,True
False,False,False,False,False,False,True
False,False,False,False,False,False,True
False,False,False,False,False,False,True
False,False,False,False,False,False,True
False,False,False,False,False,False,True
False,False,False,False,False,False,True
False,False,False,False,False,False,True
False,False,False,False,False,False,True
False,False,False,False,False,False,True
False,False,False,False,False,False,True
