cyclomatic_complexity,number_of_instructions,has_method,full_name
1,1,false,doInBackground#com.oF2pks.kalturadeviceinfos.MainActivity$ProvisionTask
1,2,true,onPostExecute#com.oF2pks.kalturadeviceinfos.MainActivity$ProvisionTask
1,3,false,<init>#com.oF2pks.kalturadeviceinfos.MainActivity$ProvisionTask
1,4,false,doInBackground#com.oF2pks.kalturadeviceinfos.MainActivity$ProvisionTask
2,5,true,onPostExecute#com.oF2pks.kalturadeviceinfos.MainActivity$ProvisionTask
3,28,false,provisionWidevine#com.oF2pks.kalturadeviceinfos.MainActivity$ProvisionTask
1,2,false,doInBackground#com.oF2pks.kalturadeviceinfos.MainActivity$CollectorTask
1,1,false,doInBackground#com.oF2pks.kalturadeviceinfos.MainActivity$CollectorTask
1,2,true,onPostExecute#com.oF2pks.kalturadeviceinfos.MainActivity$CollectorTask
1,3,false,<init>#com.oF2pks.kalturadeviceinfos.MainActivity$CollectorTask
1,2,false,<init>#com.oF2pks.kalturadeviceinfos.MainActivity$CollectorTask
1,26,true,onPostExecute#com.oF2pks.kalturadeviceinfos.MainActivity$CollectorTask
1,1,false,doInBackground#org.droidtr.deletegapps.Download
1,3,false,<init>#org.droidtr.deletegapps.Download
1,7,false,run#org.droidtr.deletegapps.Download
4,33,false,doInBackground#org.droidtr.deletegapps.Download
2,5,false,onCancelled#nerd.tuxmobil.fahrplan.congress.parser
1,31,false,storeMeta#nerd.tuxmobil.fahrplan.congress.parser
19,146,false,setChangedFlags#nerd.tuxmobil.fahrplan.congress.parser
1,1,false,doInBackground#nerd.tuxmobil.fahrplan.congress.parser
1,5,false,notifyActivity#nerd.tuxmobil.fahrplan.congress.parser
2,9,false,doInBackground#nerd.tuxmobil.fahrplan.congress.parser
3,7,false,setListener#nerd.tuxmobil.fahrplan.congress.parser
4,81,false,storeLectureList#nerd.tuxmobil.fahrplan.congress.parser
1,7,false,<init>#nerd.tuxmobil.fahrplan.congress.parser
78,261,false,parseFahrplan#nerd.tuxmobil.fahrplan.congress.parser
1,2,true,onPostExecute#nerd.tuxmobil.fahrplan.congress.parser
2,6,true,onPostExecute#nerd.tuxmobil.fahrplan.congress.parser
1,5,false,doInBackground#nerd.tuxmobil.fahrplan.congress.fetcher
2,6,true,onPostExecute#nerd.tuxmobil.fahrplan.congress.fetcher
3,7,false,setListener#nerd.tuxmobil.fahrplan.congress.fetcher
1,2,false,onCancelled#nerd.tuxmobil.fahrplan.congress.fetcher
1,1,false,doInBackground#nerd.tuxmobil.fahrplan.congress.fetcher
1,2,true,onPostExecute#nerd.tuxmobil.fahrplan.congress.fetcher
1,5,false,<init>#nerd.tuxmobil.fahrplan.congress.fetcher
2,8,false,notifyActivity#nerd.tuxmobil.fahrplan.congress.fetcher
6,69,false,fetchthis#nerd.tuxmobil.fahrplan.congress.fetcher
1,10,false,<init>#com.markuspage.android.atimetracker.DBBackup
1,1,false,doInBackground#com.markuspage.android.atimetracker.DBBackup
1,2,true,onProgressUpdate#com.markuspage.android.atimetracker.DBBackup
3,7,false,readActivities#com.markuspage.android.atimetracker.DBBackup
1,3,false,onCancelled#com.markuspage.android.atimetracker.DBBackup
6,34,false,doInBackground#com.markuspage.android.atimetracker.DBBackup
2,7,false,copyActivity#com.markuspage.android.atimetracker.DBBackup
1,2,true,onPostExecute#com.markuspage.android.atimetracker.DBBackup
10,46,false,copyTimes#com.markuspage.android.atimetracker.DBBackup
1,3,true,onPostExecute#com.markuspage.android.atimetracker.DBBackup
1,3,false,<init>#com.fairphone.fplauncher3.nt
1,13,false,doInBackground#com.fairphone.fplauncher3.nt
1,3,true,onPostExecute#com.fairphone.fplauncher3.nt
1,5,false,<init>#com.fairphone.fplauncher3.mi
1,2,false,doInBackground#com.fairphone.fplauncher3.mi
1,26,false,a#com.fairphone.fplauncher3.mj
1,1,false,doInBackground#com.fairphone.fplauncher3.mj
1,4,false,<init>#com.fairphone.fplauncher3.mj
1,1,false,doInBackground#com.fairphone.fplauncher3.mk
1,10,false,a#com.fairphone.fplauncher3.mk
1,4,false,<init>#com.fairphone.fplauncher3.mk
2,5,false,doInBackground#com.fairphone.fplauncher3.i
1,4,false,<init>#com.fairphone.fplauncher3.i
1,3,true,onPostExecute#com.fairphone.fplauncher3.i
1,4,false,<init>#com.fairphone.fplauncher3.h
2,11,false,doInBackground#com.fairphone.fplauncher3.h
1,4,false,<init>#com.fairphone.fplauncher3.bb
1,2,false,doInBackground#com.fairphone.fplauncher3.bb
1,4,false,<init>#com.fairphone.fplauncher3.ew
1,2,false,doInBackground#com.fairphone.fplauncher3.ew
1,3,false,<init>#com.fairphone.fplauncher3.el
1,3,true,onPostExecute#com.fairphone.fplauncher3.el
1,3,false,doInBackground#com.fairphone.fplauncher3.el
1,4,false,<init>#com.fairphone.fplauncher3.ec
1,4,false,doInBackground#com.fairphone.fplauncher3.ec
4,12,false,a#com.fairphone.fplauncher3.lc
1,1,false,doInBackground#com.fairphone.fplauncher3.lc
1,10,false,<init>#com.fairphone.fplauncher3.lc
6,24,false,c#com.fairphone.fplauncher3.lc
1,9,false,<init>#com.fairphone.fplauncher3.lc
1,8,false,<init>#com.fairphone.fplauncher3.lc
2,4,true,onPostExecute#com.fairphone.fplauncher3.lc
1,8,false,a#com.fairphone.fplauncher3.lc
37,233,false,b#com.fairphone.fplauncher3.lc
5,12,true,onPostExecute#com.fairphone.fplauncher3.kx
3,10,false,a#com.fairphone.fplauncher3.kx
1,9,false,<init>#com.fairphone.fplauncher3.kx
1,1,false,doInBackground#com.fairphone.fplauncher3.kx
3,11,true,onPostExecute#com.fairphone.fplauncher3.li
1,8,false,<init>#com.fairphone.fplauncher3.li
2,13,false,a#com.fairphone.fplauncher3.li
1,1,false,doInBackground#com.fairphone.fplauncher3.li
1,1,false,doInBackground#com.fairphone.fplauncher3.iy
1,5,false,<init>#com.fairphone.fplauncher3.iy
2,28,false,a#com.fairphone.fplauncher3.iy
2,11,true,onPostExecute#us.achromaticmetaphor.agram.AnagramActivity$1
1,1,false,doInBackground#us.achromaticmetaphor.agram.AnagramActivity$1
1,5,false,<init>#us.achromaticmetaphor.agram.AnagramActivity$1
1,7,false,doInBackground#us.achromaticmetaphor.agram.AnagramActivity$1
1,2,true,onPostExecute#us.achromaticmetaphor.agram.AnagramActivity$1
1,7,false,<init>#us.achromaticmetaphor.agram.Wordlist$1
3,23,false,doInBackground#us.achromaticmetaphor.agram.Wordlist$1
1,2,true,onPostExecute#us.achromaticmetaphor.agram.Wordlist$1
1,1,false,doInBackground#us.achromaticmetaphor.agram.Wordlist$1
2,5,true,onPostExecute#us.achromaticmetaphor.agram.Wordlist$1
1,1,false,doInBackground#us.achromaticmetaphor.agram.AnagramActivity$ScrollFiller$1
1,4,true,onPostExecute#us.achromaticmetaphor.agram.AnagramActivity$ScrollFiller$1
1,1,false,doInBackground#us.achromaticmetaphor.agram.AnagramActivity$ScrollFiller$1
1,3,false,<init>#us.achromaticmetaphor.agram.AnagramActivity$ScrollFiller$1
1,2,true,onPostExecute#us.achromaticmetaphor.agram.AnagramActivity$ScrollFiller$1
2,5,false,doInBackground#eu.uwot.fabio.altcoinprices.activities.AddCustomCoinActivity$GetCoinDataTask
1,2,false,<init>#eu.uwot.fabio.altcoinprices.activities.AddCustomCoinActivity$GetCoinDataTask
2,7,true,onPostExecute#eu.uwot.fabio.altcoinprices.activities.AddCustomCoinActivity$GetCoinDataTask
1,1,false,doInBackground#eu.uwot.fabio.altcoinprices.activities.AddCustomCoinActivity$GetCoinDataTask
1,3,false,<init>#eu.uwot.fabio.altcoinprices.activities.AddCustomCoinActivity$GetCoinDataTask
1,2,true,onPostExecute#eu.uwot.fabio.altcoinprices.activities.AddCustomCoinActivity$GetCoinDataTask
1,1,false,doInBackground#com.lzx.lock.mvp.p.LockMainPresenter$SearchInfoAsyncTask
1,3,true,onPostExecute#com.lzx.lock.mvp.p.LockMainPresenter$SearchInfoAsyncTask
1,4,false,<init>#com.lzx.lock.mvp.p.LockMainPresenter$SearchInfoAsyncTask
5,30,false,doInBackground#com.lzx.lock.mvp.p.LockMainPresenter$SearchInfoAsyncTask
1,2,true,onPostExecute#com.lzx.lock.mvp.p.LockMainPresenter$SearchInfoAsyncTask
1,1,false,doInBackground#com.lzx.lock.mvp.p.MainPresenter$LoadLockAsyncTask
1,3,true,onPostExecute#com.lzx.lock.mvp.p.MainPresenter$LoadLockAsyncTask
1,2,true,onPostExecute#com.lzx.lock.mvp.p.MainPresenter$LoadLockAsyncTask
1,3,false,<init>#com.lzx.lock.mvp.p.MainPresenter$LoadLockAsyncTask
1,2,false,<init>#com.lzx.lock.mvp.p.MainPresenter$LoadLockAsyncTask
7,36,false,doInBackground#com.lzx.lock.mvp.p.MainPresenter$LoadLockAsyncTask
1,2,true,onPostExecute#com.lzx.lock.mvp.p.LockMainPresenter$LoadAppInfo
1,2,false,<init>#com.lzx.lock.mvp.p.LockMainPresenter$LoadAppInfo
6,34,false,doInBackground#com.lzx.lock.mvp.p.LockMainPresenter$LoadAppInfo
1,1,false,doInBackground#com.lzx.lock.mvp.p.LockMainPresenter$LoadAppInfo
1,3,false,<init>#com.lzx.lock.mvp.p.LockMainPresenter$LoadAppInfo
1,3,true,onPostExecute#com.lzx.lock.mvp.p.LockMainPresenter$LoadAppInfo
1,5,false,<init>#com.lzx.lock.mvp.p.MainPresenter$LoadAppInfoAsyncTask
9,55,false,doInBackground#com.lzx.lock.mvp.p.MainPresenter$LoadAppInfoAsyncTask
1,3,true,onPostExecute#com.lzx.lock.mvp.p.MainPresenter$LoadAppInfoAsyncTask
1,2,true,onPostExecute#com.lzx.lock.mvp.p.MainPresenter$LoadAppInfoAsyncTask
1,1,false,doInBackground#com.lzx.lock.mvp.p.MainPresenter$LoadAppInfoAsyncTask